{"cameraMode":{"drawMode":0,"name":"Shaded","section":"Shading Mode"},"sceneLighting":true,"audioPlay":false,"sceneViewState":{"m_AlwaysRefresh":false,"showFog":true,"showSkybox":true,"showFlares":true,"showImageEffects":true,"showParticleSystems":true,"showVisualEffectGraphs":true,"m_FxEnabled":true},"in2DMode":false,"pivot":{"x":5.985799789428711,"y":-0.0348999984562397,"z":-2.0120999813079836},"rotation":{"x":0.6891883611679077,"y":0.0009817875688895584,"z":-0.001249157008714974,"w":0.724827229976654},"size":4.507394790649414,"orthographic":false}