{"cameraMode":{"drawMode":0,"name":"Shaded","section":"Shading Mode"},"sceneLighting":true,"audioPlay":false,"sceneViewState":{"m_AlwaysRefresh":false,"showFog":true,"showSkybox":true,"showFlares":true,"showImageEffects":true,"showParticleSystems":true,"showVisualEffectGraphs":true,"m_FxEnabled":true},"in2DMode":false,"pivot":{"x":0.49496394395828249,"y":0.23718835413455964,"z":-3.8349602222442629},"rotation":{"x":0.21238435804843903,"y":0.02706156298518181,"z":-0.0032966528087854387,"w":0.9773472547531128},"size":0.5208727717399597,"orthographic":false}