{"cameraMode":{"drawMode":0,"name":"Shaded","section":"Shading Mode"},"sceneLighting":true,"audioPlay":false,"sceneViewState":{"m_AlwaysRefresh":false,"showFog":true,"showSkybox":true,"showFlares":true,"showImageEffects":true,"showParticleSystems":true,"showVisualEffectGraphs":true,"m_FxEnabled":true},"in2DMode":false,"pivot":{"x":5.611154079437256,"y":0.4162684977054596,"z":-0.24210494756698609},"rotation":{"x":-0.7115870714187622,"y":0.008574264124035836,"z":-0.008378185331821442,"w":-0.7026715874671936},"size":1.4660255908966065,"orthographic":false}